-- Seed data for Stock Market Predictor
-- Defense sector stocks for Sprint 1 demo

-- Insert defense sector stocks
INSERT INTO stocks (symbol, name, sector, exchange) VALUES
('LMT', 'Lockheed Martin Corporation', 'defense', 'NYSE'),
('RTX', 'Raytheon Technologies Corporation', 'defense', 'NYSE'),
('BA', 'The Boeing Company', 'defense', 'NYSE'),
('NOC', 'Northrop Grumman Corporation', 'defense', 'NYSE'),
('LHX', 'L3Harris Technologies Inc', 'defense', 'NYSE'),
('GD', 'General Dynamics Corporation', 'defense', 'NYSE'),
('HII', 'Huntington Ingalls Industries, Inc.', 'defense', 'NYSE'),
('BAESY', 'BAE Systems plc', 'defense', 'OTC')
('TXT', 'Textron Inc.', 'defense', 'NYSE'),
('LDOS', 'Leidos Holdings, Inc.', 'defense', 'NYSE'),
('CW', 'Curtiss-Wright Corporation', 'defense', 'NYSE'),
('HEI', 'HEICO Corporation', 'defense', 'NYSE'),
('KTOS', 'Kratos Defense & Security Solutions, Inc.', 'defense', 'NASDAQ');


-- <><><><><><><><><><><><><><><><><><><><><><><><><><><><><><><><><><><><><><><><><><><><><><>

-- Insert sample price data (last 7 trading days for demo)
-- Lockheed Martin (LMT)
INSERT INTO prices (symbol, price_date, open_price, high_price, low_price, close_price, volume) VALUES
('LMT', '2025-09-17', 428.00, 430.75, 426.90, 429.85, 1210000),
('LMT', '2025-09-16', 426.20, 429.50, 425.10, 428.30, 1235000),
('LMT', '2025-09-15', 425.00, 428.50, 423.10, 427.89, 1250000),
('LMT', '2025-09-12', 420.50, 426.00, 419.75, 425.67, 1180000),
('LMT', '2025-09-11', 418.25, 422.80, 417.50, 421.15, 1340000),
('LMT', '2025-09-10', 415.60, 419.90, 414.20, 418.75, 1420000),
('LMT', '2025-09-09', 412.30, 417.25, 411.85, 416.80, 1560000),

-- Raytheon (RTX)
('RTX', '2025-09-17', 114.10, 115.30, 113.50, 114.90, 8600000),
('RTX', '2025-09-16', 113.00, 114.50, 112.60, 113.80, 8450000),
('RTX', '2025-09-15', 112.50, 114.20, 111.80, 113.95, 8750000),
('RTX', '2025-09-12', 111.25, 113.10, 110.90, 112.85, 8200000),
('RTX', '2025-09-11', 109.80, 112.40, 109.60, 111.75, 9100000),
('RTX', '2025-09-10', 108.90, 110.50, 108.40, 110.20, 8900000),
('RTX', '2025-09-09', 107.75, 109.80, 107.20, 109.45, 9450000),

-- Boeing (BA)
('BA', '2025-09-17', 179.00, 181.10, 178.00, 180.35, 12200000),
('BA', '2025-09-16', 177.10, 179.90, 176.40, 178.25, 12000000),
('BA', '2025-09-15', 175.20, 178.50, 174.10, 177.85, 12500000),
('BA', '2025-09-12', 172.80, 176.90, 171.50, 175.60, 11800000),
('BA', '2025-09-11', 170.45, 174.20, 169.80, 173.25, 13200000),
('BA', '2025-09-10', 168.90, 172.15, 167.75, 171.80, 14100000),
('BA', '2025-09-09', 166.50, 170.25, 165.90, 169.75, 13800000),

-- General Dynamics (GD)
('GD', '2025-09-17', 245.00, 247.10, 243.80, 246.50, 900000),
('GD', '2025-09-16', 242.80, 245.90, 241.50, 244.75, 910000),
('GD', '2025-09-15', 241.00, 243.50, 240.00, 242.95, 920000),
('GD', '2025-09-12', 239.50, 242.00, 238.90, 240.85, 875000),
('GD', '2025-09-11', 237.20, 240.40, 236.50, 239.15, 960000),
('GD', '2025-09-10', 235.00, 237.75, 234.20, 236.60, 980000),
('GD', '2025-09-09', 233.80, 235.90, 233.00, 234.75, 990000),

-- Huntington Ingalls (HII)
('HII', '2025-09-17', 220.50, 223.00, 219.40, 222.70, 420000),
('HII', '2025-09-16', 218.80, 221.90, 217.60, 220.85, 430000),
('HII', '2025-09-15', 216.90, 219.80, 216.00, 218.75, 440000),
('HII', '2025-09-12', 215.30, 217.90, 214.50, 216.95, 400000),
('HII', '2025-09-11', 213.70, 216.30, 212.90, 215.10, 460000),
('HII', '2025-09-10', 212.00, 214.50, 211.20, 213.45, 470000),
('HII', '2025-09-09', 210.80, 213.00, 210.00, 211.95, 480000),

-- BAE Systems (BAESY)
('BAESY', '2025-09-17', 49.00, 49.80, 48.60, 49.55, 380000),
('BAESY', '2025-09-16', 48.30, 49.20, 48.00, 48.95, 370000),
('BAESY', '2025-09-15', 47.80, 48.60, 47.50, 48.20, 390000),
('BAESY', '2025-09-12', 47.10, 47.90, 46.80, 47.60, 360000),
('BAESY', '2025-09-11', 46.40, 47.30, 46.10, 46.95, 395000),
('BAESY', '2025-09-10', 45.90, 46.70, 45.50, 46.20, 410000),
('BAESY', '2025-09-09', 45.20, 46.00, 44.90, 45.80, 420000);

-- <><><><><><><><><><><><><><><><><><><><><><><><><><><><><><><><><><><><><><><><><><><><><><>

-- Insert sample technical indicators (RSI, moving averages)
INSERT INTO indicators (symbol, indicator_type, value, calculation_date) VALUES
-- Lockheed Martin (LMT)
('LMT', 'rsi', 65.4, '2025-09-17'),
('LMT', 'ma_20', 423.9, '2025-09-17'),
('LMT', 'ma_50', 419.2, '2025-09-17'),

-- Raytheon (RTX)
('RTX', 'rsi', 58.2, '2025-09-17'),
('RTX', 'ma_20', 112.8, '2025-09-17'),
('RTX', 'ma_50', 110.4, '2025-09-17'),

-- Boeing (BA)
('BA', 'rsi', 72.1, '2025-09-17'),
('BA', 'ma_20', 174.3, '2025-09-17'),
('BA', 'ma_50', 171.6, '2025-09-17'),

-- Northrop Grumman (NOC)
('NOC', 'rsi', 63.7, '2025-09-17'),
('NOC', 'ma_20', 426.8, '2025-09-17'),
('NOC', 'ma_50', 421.5, '2025-09-17'),

-- L3Harris (LHX)
('LHX', 'rsi', 60.9, '2025-09-17'),
('LHX', 'ma_20', 201.2, '2025-09-17'),
('LHX', 'ma_50', 197.4, '2025-09-17'),

-- General Dynamics (GD)
('GD', 'rsi', 66.3, '2025-09-17'),
('GD', 'ma_20', 239.8, '2025-09-17'),
('GD', 'ma_50', 236.4, '2025-09-17'),

-- Huntington Ingalls (HII)
('HII', 'rsi', 62.5, '2025-09-17'),
('HII', 'ma_20', 215.6, '2025-09-17'),
('HII', 'ma_50', 212.7, '2025-09-17'),

-- BAE Systems (BAESY)
('BAESY', 'rsi', 67.2, '2025-09-17'),
('BAESY', 'ma_20', 47.8, '2025-09-17'),
('BAESY', 'ma_50', 46.4, '2025-09-17'),

-- Textron (TXT)
('TXT', 'rsi', 61.2, '2025-09-17'),
('TXT', 'ma_20', 81.5, '2025-09-17'),
('TXT', 'ma_50', 79.8, '2025-09-17'),

-- Leidos (LDOS)
('LDOS', 'rsi', 64.7, '2025-09-17'),
('LDOS', 'ma_20', 107.9, '2025-09-17'),
('LDOS', 'ma_50', 105.3, '2025-09-17'),

-- Curtiss-Wright (CW)
('CW', 'rsi', 59.4, '2025-09-17'),
('CW', 'ma_20', 230.2, '2025-09-17'),
('CW', 'ma_50', 227.7, '2025-09-17'),

-- HEICO (HEI)
('HEI', 'rsi', 68.1, '2025-09-17'),
('HEI', 'ma_20', 190.3, '2025-09-17'),
('HEI', 'ma_50', 187.9, '2025-09-17'),

-- Kratos (KTOS)
('KTOS', 'rsi', 72.5, '2025-09-17'),
('KTOS', 'ma_20', 17.1, '2025-09-17'),
('KTOS', 'ma_50', 16.4, '2025-09-17');

-- <><><><><><><><><><><><><><><><><><><><><><><><><><><><><><><><><><><><><><><><><><><><><><>

-- Insert demo user for testing (password: 'demo123' hashed)
INSERT INTO users (email, password_hash, role) VALUES
('demo@stockpredictor.com', '$2b$12$LQv3c1yqBWVHxkd0LHAkCOYz6TtxMQJqhN8/LewdeAXhb7u5BPYse', 'demo');

-- <><><><><><><><><><><><><><><><><><><><><><><><><><><><><><><><><><><><><><><><><><><><><><>

-- Insert sample watchlist
INSERT INTO watchlist (user_id, symbol) VALUES
(1, 'LMT'),
(1, 'RTX'),
(1, 'BA'),
(1, 'NOC'),
(1, 'LHX'),
(1, 'GD'),
(1, 'HII'),
(1, 'BAESY'),
(1, 'TXT'),
(1, 'LDOS'),
(1, 'CW'),
(1, 'HEI'),
(1, 'KTOS');
